paper_id,title,summary,authors,categories,primary_category,published,updated,abs_url,pdf_url,comment,authors_joined,categories_joined,summary_chars,text_for_embedding,published_dt,age_days
10.20944/preprints202604.0339.v1,Retrieval-Augmented Large Language Model Agents for Automated Scientific Literature Review Generation,,"['Ruotong Wang', 'Nyutian Long', 'Shunqi Liu', 'Yuxi Wang', 'Zhen Qi', 'Huajun Zhang']",[],,2026-04-06,2026-04-06,https://doi.org/10.20944/preprints202604.0339.v1,,,Ruotong Wang; Nyutian Long; Shunqi Liu; Yuxi Wang; Zhen Qi; Huajun Zhang,,1704,"Title: Retrieval-Augmented Large Language Model Agents for Automated Scientific Literature Review Generation
Authors: Ruotong Wang; Nyutian Long; Shunqi Liu; Yuxi Wang; Zhen Qi; Huajun Zhang
Categories: 
Summary: ",2026-04-06 00:00:00+00:00,65
10.70121/001c.158711,The Role o...,"<jats:p>Large Language Models (LLMs) that rely solely on parametric memory learned through training have demonstrated strong performance in biomedical question-answering, but their tendency to hallucinate facts and the difficulty of adjusting and adding to the learned knowledge limit their usefulness in clinical settings. Retrieval-Augmented Generation (RAG) has emerged as a promising solution by adding a non-parametric source of memory and grounding LLM outputs to reputable external sources. This paper aims to survey the evolution of RAG methodologies and highlight the most recent developments and shifts in paradigms like Agentic RAG. We highlight current state-of-the-art biomedical RAG systems, the latest evaluation benchmarks, and empirical findings regarding best fine-tuning practices. We also examine technical including lost-in-the-middle effects and scaling behaviour. Ethical concerns surrounding privacy and bias are brought to attention alongside research gaps. Finally, we discuss future directions of RAG in the biomedical field, including integration into Clinical Decision Support systems (CDS).</jats:p>",['Eason Ni'],[],,2026-03-15,2026-03-15,https://doi.org/10.70121/001c.158711,,,Eason Ni,,1129,"Title: The Role o...
Authors: Eason Ni
Categories: 
Summary: <jats:p>Large Language Models (LLMs) that rely solely on parametric memory learned through training have demonstrated strong performance in biomedical question-answering, but their tendency to hallucinate facts and the difficulty of adjusting and adding to the learned knowledge limit their usefulness in clinical settings. Retrieval-Augmented Generation (RAG) has emerged as a promising solution by adding a non-parametric source of memory and grounding LLM outputs to reputable external sources. This paper aims to survey the evolution of RAG methodologies and highlight the most recent developments and shifts in paradigms like Agentic RAG. We highlight current state-of-the-art biomedical RAG systems, the latest evaluation benchmarks, and empirical findings regarding best fine-tuning practices. We also examine technical including lost-in-the-middle effects and scaling behaviour. Ethical concerns surrounding privacy and bias are brought to attention alongside research gaps. Finally, we discuss future directions of RAG in the biomedical field, including integration into Clinical Decision Support systems (CDS).</jats:p>",2026-03-15 00:00:00+00:00,87
10.7717/peerj-cs.3642,Pioneering agentic retrieval-augmented generation in software quality: a novel framework for code smell detection <i>via</i> dynamic retrieval,"<jats:p>Code smells—subtle indicators of poor design choices—pose significant challenges to software maintainability and readability, particularly in dynamic languages such as Python. Traditional detection methods, including rule-based heuristics and static machine learning classifiers, often suffer from limited adaptability, poor contextual awareness, and lack of explainability. These limitations hinder their effectiveness in evolving codebases and real-world development environments. This study introduces a novel Agentic retrieval-augmented generation (Agentic RAG) framework for code smell detection, marking the first application of agentic reasoning in this domain. By embedding autonomous agents into the retrieval and reasoning pipeline, the proposed system dynamically routes queries, selects optimal retrieval strategies, and synthesizes context-aware explanations using large language models (LLMs). Unlike static classifiers, the proposed framework leverages hybrid retrieval (sparse + dense) and structured prompting to detect and explain Long Method and Large Class smells with high interpretability. Experimental results demonstrate that Agentic RAG—particularly when paired with DeepSeek and chain-of-thought prompting—achieves superior performance, with 89.5% accuracy, a macro F1-score of 78.3%, and a weighted F1 of 88.7%. To assess generalization, Experiment 2 extended the framework to 21 distinct code smell types across multiple programming languages, achieving 94.85% accuracy, a macro F1-score of 90.24%, and a weighted F1-score of 94.93% through stratified five-fold cross-validation, thereby confirming the model’s robustness and scalability. Beyond academic benchmarks, this work lays the foundation for real-world integration into developer platforms, enabling real-time code review, contextual feedback, and actionable refactoring suggestions. By bridging LLMs with dynamic retrieval and agentic reasoning, this framework advances the frontier of intelligent software quality assurance.</jats:p>","['Bushra Aljohani', 'Abdulmajeed Aljuhani']",[],,2026-03-04,2026-03-04,https://doi.org/10.7717/peerj-cs.3642,https://peerj.com/articles/cs-3642.pdf,,Bushra Aljohani; Abdulmajeed Aljuhani,,2030,"Title: Pioneering agentic retrieval-augmented generation in software quality: a novel framework for code smell detection <i>via</i> dynamic retrieval
Authors: Bushra Aljohani; Abdulmajeed Aljuhani
Categories: 
Summary: <jats:p>Code smells—subtle indicators of poor design choices—pose significant challenges to software maintainability and readability, particularly in dynamic languages such as Python. Traditional detection methods, including rule-based heuristics and static machine learning classifiers, often suffer from limited adaptability, poor contextual awareness, and lack of explainability. These limitations hinder their effectiveness in evolving codebases and real-world development environments. This study introduces a novel Agentic retrieval-augmented generation (Agentic RAG) framework for code smell detection, marking the first application of agentic reasoning in this domain. By embedding autonomous agents into the retrieval and reasoning pipeline, the proposed system dynamically routes queries, selects optimal retrieval strategies, and synthesizes context-aware explanations using large language models (LLMs). Unlike static classifiers, the proposed framework leverages hybrid retrieval (sparse + dense) and structured prompting to detect and explain Long Method and Large Class smells with high interpretability. Experimental results demonstrate that Agentic RAG—particularly when paired with DeepSeek and chain-of-thought prompting—achieves superior performance, with 89.5% accuracy, a macro F1-score of 78.3%, and a weighted F1 of 88.7%. To assess generalization, Experiment 2 extended the framework to 21 distinct code smell types across multiple programming languages, achieving 94.85% accuracy, a macro F1-score of 90.24%, and a weighted F1-score of 94.93% through stratified five-fold cross-validation, thereby confirming the model’s robustness and scalability. Beyond academic benchmarks, this work lays the foundation for real-world integration into developer platforms, enabling real-time code review, contextual feedback, and actionable refactoring suggestions. By bridging LLMs with dynamic retrieval and agentic reasoning, this framework advances the frontier of intelligent software quality assurance.</jats:p>",2026-03-04 00:00:00+00:00,98
10.3390/app16052244,Hybrid Retrieval-Augmented Generation: Semantic and Structural Integration for Large Language Model Reasoning,,"['Hyewon Lee', 'Sungsu Lim']",[],,1900-01-01,2026-02-26,https://doi.org/10.3390/app16052244,,,Hyewon Lee; Sungsu Lim,,1592,"Title: Hybrid Retrieval-Augmented Generation: Semantic and Structural Integration for Large Language Model Reasoning
Authors: Hyewon Lee; Sungsu Lim
Categories: 
Summary: ",2026-02-26 00:00:00+00:00,104
10.35314/3y9hy151,Implementation of Retrieval-Augmented Generation Method on Large Language Model for Development of Campus Service and Information Chatbot,"<jats:p>Large language models have the potential to improve the quality of information services in higher education environments through responsive and natural interactions. However, LLMs are prone to generating answers that are not supported by valid knowledge sources due to knowledge cut-off limitations. This study implements Retrieval-Augmented Generation on LLMs to build an information service chatbot for the Indonesian University of Science and Technology (USTI). RAG is built using a hybrid retrieval mechanism that combines dense retrieval and sparse retrieval (BM25) through reciprocal rank fusion and is equipped with cross-encoder reranking. The knowledge base is compiled from official and public documents obtained through the USTI website. The evaluation was conducted using 13 test queries by comparing several configurations to analyze the contribution of each component. The evaluation results show that the hybrid retrieval configuration produces the best retrieval performance with Precision@3 of 71.7%, Recall@3 of 87.5%, and NDCG@3 of 96.3%. In addition, the application of RAG improved the quality of answers compared to LLM without retrieval, as shown by an increase in BERTScore-F1 from 84.8% to 89.4% and a faithfulness score of 88.8%. These findings indicate that RAG integration improves the relevance of LLM answers to source documents, with the hybrid configuration providing an optimal balance between retrieval quality and faithfulness.</jats:p>","['Muhammad Dzaki Salman', 'Rahmaddeni', 'Torkis Nasution', 'Susanti']",[],,2026-02-26,2026-02-26,https://doi.org/10.35314/3y9hy151,https://jurnal.polbeng.ac.id/index.php/ISI/article/download/1484/655,,Muhammad Dzaki Salman; Rahmaddeni; Torkis Nasution; Susanti,,1479,"Title: Implementation of Retrieval-Augmented Generation Method on Large Language Model for Development of Campus Service and Information Chatbot
Authors: Muhammad Dzaki Salman; Rahmaddeni; Torkis Nasution; Susanti
Categories: 
Summary: <jats:p>Large language models have the potential to improve the quality of information services in higher education environments through responsive and natural interactions. However, LLMs are prone to generating answers that are not supported by valid knowledge sources due to knowledge cut-off limitations. This study implements Retrieval-Augmented Generation on LLMs to build an information service chatbot for the Indonesian University of Science and Technology (USTI). RAG is built using a hybrid retrieval mechanism that combines dense retrieval and sparse retrieval (BM25) through reciprocal rank fusion and is equipped with cross-encoder reranking. The knowledge base is compiled from official and public documents obtained through the USTI website. The evaluation was conducted using 13 test queries by comparing several configurations to analyze the contribution of each component. The evaluation results show that the hybrid retrieval configuration produces the best retrieval performance with Precision@3 of 71.7%, Recall@3 of 87.5%, and NDCG@3 of 96.3%. In addition, the application of RAG improved the quality of answers compared to LLM without retrieval, as shown by an increase in BERTScore-F1 from 84.8% to 89.4% and a faithfulness score of 88.8%. These findings indicate that RAG integration improves the relevance of LLM answers to source documents, with the hybrid configuration providing an optimal balance between retrieval quality and faithfulness.</jats:p>",2026-02-26 00:00:00+00:00,104
10.20944/preprints202602.0996.v1,Clinical L...,"<jats:p>The demand for efficient and accurate Clinical Decision Support Systems (CDSS) is growing rapidly, driven by the escalating volume of medical data. While Large Language Models (LLMs) offer significant potential, their direct application in healthcare is limited by issues like hallucinations and lack of domain-specific knowledge. Retrieval-Augmented Generation (RAG) addresses these challenges by grounding LLMs with external knowledge, and recent lightweight RAG-based CDSS have shown promise. Building on this, we propose Enhanced Clinical RAG-LLM (ECRAG-LLM), a novel system designed to elevate performance in complex clinical scenarios. ECRAG-LLM utilizes a robust yet lightweight Mistral-based LLM, integrated with a multi-stage instruction tuning strategy that first adapts to general medical knowledge and then reinforces context-aware and causal reasoning using a custom dataset of structured clinical cases. We employ BioSimCSE for domain-specific embeddings and introduce an enhanced RAG architecture featuring hybrid retrieval, cross-encoder-based contextual re-ranking, and context summarization to optimize retrieved information. Extensive experiments on medical benchmarks demonstrate that ECRAG-LLM consistently outperforms baseline lightweight fine-tuned LLMs, achieving significant improvements in diagnostic accuracy, treatment appropriateness, and explanatory quality, particularly in tasks requiring deep clinical reasoning. An ablation study confirms the synergistic contributions of our innovations, and an error analysis highlights a substantial reduction in critical errors, positioning ECRAG-LLM as a more reliable and intelligent solution for resource-constrained clinical environments.</jats:p>","['Donald Martin', 'Blake Bowman']",[],,1900-01-01,2026-02-12,https://doi.org/10.20944/preprints202602.0996.v1,,,Donald Martin; Blake Bowman,,1730,"Title: Clinical L...
Authors: Donald Martin; Blake Bowman
Categories: 
Summary: <jats:p>The demand for efficient and accurate Clinical Decision Support Systems (CDSS) is growing rapidly, driven by the escalating volume of medical data. While Large Language Models (LLMs) offer significant potential, their direct application in healthcare is limited by issues like hallucinations and lack of domain-specific knowledge. Retrieval-Augmented Generation (RAG) addresses these challenges by grounding LLMs with external knowledge, and recent lightweight RAG-based CDSS have shown promise. Building on this, we propose Enhanced Clinical RAG-LLM (ECRAG-LLM), a novel system designed to elevate performance in complex clinical scenarios. ECRAG-LLM utilizes a robust yet lightweight Mistral-based LLM, integrated with a multi-stage instruction tuning strategy that first adapts to general medical knowledge and then reinforces context-aware and causal reasoning using a custom dataset of structured clinical cases. We employ BioSimCSE for domain-specific embeddings and introduce an enhanced RAG architecture featuring hybrid retrieval, cross-encoder-based contextual re-ranking, and context summarization to optimize retrieved information. Extensive experiments on medical benchmarks demonstrate that ECRAG-LLM consistently outperforms baseline lightweight fine-tuned LLMs, achieving significant improvements in diagnostic accuracy, treatment appropriateness, and explanatory quality, particularly in tasks requiring deep clinical reasoning. An ablation study confirms the synergistic contributions of our innovations, and an error analysis highlights a substantial reduction in critical errors, positioning ECRAG-LLM as a more reliable and intelligent solution for resource-constrained clinical environments.</jats:p>",2026-02-12 00:00:00+00:00,118
10.4081/jae.2026.1908,Empowering farmers with artificial intelligence: a retrieval-augmented generation based large language model advisory framework,"<jats:p>This study presents a retrieval augmented generation (RAG) based system designed to provide farmers with expert agricultural advisory services. The framework delivers context aware guidance on critical practices such as crop cultivation, pest and disease management, fertilizer application, and other agronomic practices, and compares the performance of four large language models (LLMs) in generating these recommendations. The system processes package of practices (PoP) documents for five major crops maize, ragi, sweet potato, cotton, and groundnut through semantic chunking and embedding using Amazon Titan via BedrockEmbeddings. Vector representations are indexed in ChromaDB to enable efficient similarity search for query-relevant content retrieval. Upon receiving user queries, the system retrieves the most semantically similar document chunks and incorporates them into structured prompts. Four LLMs such as Llama3.1, Mistral, Phi3, and Qwen2.5 were evaluated for their effectiveness in generating accurate agricultural recommendations. Performance was evaluated across multiple dimensions. Relevance and retrieval were assessed using precision@K, recall@K, mean reciprocal rank (MRR), and normalized discounted cumulative gain (NDCG). Lexical overlap was measured with the bilingual evaluation understudy (BLEU) and recall-oriented understudy for gisting evaluation (ROUGE-1, ROUGE-2, ROUGE-L) metrics. Semantic quality was analyzed using Bidirectional Encoder Representations from transformers score (BERTScore) precision, recall, F1, semantic similarity and faithfulness to capture contextual alignment between generated and reference responses. Source attribution was assessed through the attribution score, while efficiency was measured using retrieval time, generation time, and total time. Overall, mistral and Qwen2.5 achieved the highest performance, demonstrating superior relevance, semantic quality, and efficiency. This evaluation highlights which LLMs perform best for the agricultural domain and illustrates the potential of knowledge-grounded AI systems to democratize agricultural expertise, particularly in regions with limited access to traditional advisory services.</jats:p>","['Shreeram Sawant', 'Rahul Nair', 'Siddharth Hariharan']",[],,2026-01-27,2026-01-27,https://doi.org/10.4081/jae.2026.1908,https://www.agroengineering.org/jae/article/download/1908/1426,,Shreeram Sawant; Rahul Nair; Siddharth Hariharan,,2214,"Title: Empowering farmers with artificial intelligence: a retrieval-augmented generation based large language model advisory framework
Authors: Shreeram Sawant; Rahul Nair; Siddharth Hariharan
Categories: 
Summary: <jats:p>This study presents a retrieval augmented generation (RAG) based system designed to provide farmers with expert agricultural advisory services. The framework delivers context aware guidance on critical practices such as crop cultivation, pest and disease management, fertilizer application, and other agronomic practices, and compares the performance of four large language models (LLMs) in generating these recommendations. The system processes package of practices (PoP) documents for five major crops maize, ragi, sweet potato, cotton, and groundnut through semantic chunking and embedding using Amazon Titan via BedrockEmbeddings. Vector representations are indexed in ChromaDB to enable efficient similarity search for query-relevant content retrieval. Upon receiving user queries, the system retrieves the most semantically similar document chunks and incorporates them into structured prompts. Four LLMs such as Llama3.1, Mistral, Phi3, and Qwen2.5 were evaluated for their effectiveness in generating accurate agricultural recommendations. Performance was evaluated across multiple dimensions. Relevance and retrieval were assessed using precision@K, recall@K, mean reciprocal rank (MRR), and normalized discounted cumulative gain (NDCG). Lexical overlap was measured with the bilingual evaluation understudy (BLEU) and recall-oriented understudy for gisting evaluation (ROUGE-1, ROUGE-2, ROUGE-L) metrics. Semantic quality was analyzed using Bidirectional Encoder Representations from transformers score (BERTScore) precision, recall, F1, semantic similarity and faithfulness to capture contextual alignment between generated and reference responses. Source attribution was assessed through the attribution score, while efficiency was measured using retrieval time, generation time, and total time. Overall, mistral and Qwen2.5 achieved the highest performance, demonstrating superior relevance, semantic quality, and efficiency. This evaluation highlights which LLMs perform best for the agricultural domain and illustrates the potential of knowledge-grounded AI systems to democratize agricultural expertise, particularly in regions with limited access to traditional advisory services.</jats:p>",2026-01-27 00:00:00+00:00,134
10.64898/2026.01.24.26344477,A retrieval-augmented generation large language model framework for accurate dementia identification from electronic health records,"<jats:title>Abstract</jats:title> <jats:sec> <jats:title>Objective</jats:title> <jats:p>Accurate and scalable dementia phenotyping from electronic health records (EHRs) is foundational for population-level research, risk prediction, and learning health system interventions. Traditional rule- and keyword-based approaches are limited by inconsistent documentation and inability to capture clinical nuance. We aim to develop and evaluate a framework that leverages large language models (LLMs) with retrieval-augmented generation (RAG) to overcome these limitations and improve dementia identification from real-world EHR data.</jats:p> </jats:sec> <jats:sec> <jats:title>Methods</jats:title> <jats:p>Using EHR data from the Mass General Brigham health system, we first assembled a cohort of adults with potential dementia based on diagnosis codes, problem lists, dementia-related medications, and free-text note mentions. A subset of candidate cases underwent detailed manual chart review to assign gold-standard dementia status. With this labeled sample, we implemented and compared three approaches for dementia ascertainment: (1) a rule-based classifier leveraging structured EHR data, (2) large language models (LLMs) applied to keyword-filtered clinical note excerpts, and (3) a RAG-based LLM framework that integrates retrieved, context-rich note snippets. Within each approach, we evaluated multiple configurations of embedding models, retrieval methods, LLMs, structured-data inclusion, and prompts to identify the best-performing classifier. Performance was assessed using standard classification metrics, including sensitivity, specificity, positive predictive value (PPV), and F1 score, and supplemented by qualitative error analyses to characterize common sources of false positives and false negatives across methods.</jats:p> </jats:sec> <jats:sec> <jats:title>Results</jats:title> <jats:p>The RAG-based classifier achieved the highest performance (F1=0.933, sensitivity=91.1%, PPV=95.5%) compared to rule-based (F1=0.823, sensitivity=81.1%, PPV=83.5%) and keyword-filtered LLM (F1=0.903, sensitivity=91.7%, PPV=88.6%). Including ICD codes alongside free text in the RAG-based LLM pipeline significantly reduced the PPV and modestly decreased F-1 score. Error analysis revealed that structured-code dependence contributed to false positives, whereas unrecognized contextual cues in notes drove false negatives.</jats:p> </jats:sec> <jats:sec> <jats:title>Conclusion</jats:title> <jats:p>A RAG-based LLM pipeline without structured ICD codes improved dementia ascertainment from EHR data compared with ICD-based rules and keyword-based filtering. This approach can enhance dementia case identification and support patient care, predictive modeling and risk analysis.</jats:p> </jats:sec> NOISY_DATA_INJECTION_12345","['Liqin Wang', 'Baoren Liu', 'Richard Yang', 'Ya-Wen Chuang', 'Hossein Estiri', 'Shawn Murphy', 'Li Zhou', 'Gad A. Marshall']",[],,2026-01-25,2026-01-25,https://doi.org/10.64898/2026.01.24.26344477,,,Liqin Wang; Baoren Liu; Richard Yang; Ya-Wen Chuang; Hossein Estiri; Shawn Murphy; Li Zhou; Gad A. Marshall,,2800,"Title: A retrieval-augmented generation large language model framework for accurate dementia identification from electronic health records
Authors: Liqin Wang; Baoren Liu; Richard Yang; Ya-Wen Chuang; Hossein Estiri; Shawn Murphy; Li Zhou; Gad A. Marshall
Categories: 
Summary: <jats:title>Abstract</jats:title> <jats:sec> <jats:title>Objective</jats:title> <jats:p>Accurate and scalable dementia phenotyping from electronic health records (EHRs) is foundational for population-level research, risk prediction, and learning health system interventions. Traditional rule- and keyword-based approaches are limited by inconsistent documentation and inability to capture clinical nuance. We aim to develop and evaluate a framework that leverages large language models (LLMs) with retrieval-augmented generation (RAG) to overcome these limitations and improve dementia identification from real-world EHR data.</jats:p> </jats:sec> <jats:sec> <jats:title>Methods</jats:title> <jats:p>Using EHR data from the Mass General Brigham health system, we first assembled a cohort of adults with potential dementia based on diagnosis codes, problem lists, dementia-related medications, and free-text note mentions. A subset of candidate cases underwent detailed manual chart review to assign gold-standard dementia status. With this labeled sample, we implemented and compared three approaches for dementia ascertainment: (1) a rule-based classifier leveraging structured EHR data, (2) large language models (LLMs) applied to keyword-filtered clinical note excerpts, and (3) a RAG-based LLM framework that integrates retrieved, context-rich note snippets. Within each approach, we evaluated multiple configurations of embedding models, retrieval methods, LLMs, structured-data inclusion, and prompts to identify the best-performing classifier. Performance was assessed using standard classification metrics, including sensitivity, specificity, positive predictive value (PPV), and F1 score, and supplemented by qualitative error analyses to characterize common sources of false positives and false negatives across methods.</jats:p> </jats:sec> <jats:sec> <jats:title>Results</jats:title> <jats:p>The RAG-based classifier achieved the highest performance (F1=0.933, sensitivity=91.1%, PPV=95.5%) compared to rule-based (F1=0.823, sensitivity=81.1%, PPV=83.5%) and keyword-filtered LLM (F1=0.903, sensitivity=91.7%, PPV=88.6%). Including ICD codes alongside free text in the RAG-based LLM pipeline significantly reduced the PPV and modestly decreased F-1 score. Error analysis revealed that structured-code dependence contributed to false positives, whereas unrecognized contextual cues in notes drove false negatives.</jats:p> </jats:sec> <jats:sec> <jats:title>Conclusion</jats:title> <jats:p>A RAG-based LLM pipeline without structured ICD codes improved dementia ascertainment from EHR data compared with ICD-based rules and keyword-based filtering. This approach can enhance dementia case identification and support patient care, predictive modeling and risk analysis.</jats:p> </jats:sec> NOISY_DATA_INJECTION_12345",2026-01-25 00:00:00+00:00,136
10.2139/ssrn.6271858,Agentic AI...,"<jats:p>The proliferation of agentic artificial intelligence systems-characterized by autonomous goal-seeking, tool use, and multi-agent coordination-presents unprecedented challenges to existing legal and financial regulatory frameworks. While traditional AI governance has focused on model-level alignment through training-time interventions such as Reinforcement Learning from Human Feedback (RLHF), the deployment of large language models (LLMs) as persistent agents embedded within socio-technical systems necessitates a paradigm shift toward institutional governance structures. This paper examines the intersection of agentic AI, Retrieval-Augmented Generation (RAG), and their implications for legal accountability and financial market integrity. Through a comprehensive analysis of the Institutional AI framework proposed by Pierucci et al. [1], we argue that alignment must be reconceptualized as a mechanism design problem involving runtime governance graphs, sanction functions, and observable behavioral constraints rather than internalized constitutional values. We address the critical deficit identified by LeCun regarding the absence of world models in current agents, demonstrating how RAG architectures function as externalized epistemic infrastructure that grounds agentic cognition in verifiable data repositories. The paper subsequently interrogates the legal implications of these systems under the European Union's Artificial Intelligence Act (EU AI Act) and the regulatory thresholds established by the Financial Conduct Authority (FCA) and European Central Bank (ECB), proposing justified compliance boundaries for high-risk financial applications. Furthermore, we acknowledge significant governance gaps within Decentralized Finance (DeFi) protocols where institutional oversight mechanisms face structural limitations. By synthesizing technical insights from multi-agent systems, constitutional AI limitations, and offensive security frameworks, this work advances a jurisprudential foundation for agentic AI that prioritizes defensible audit trails, incentive-compatible compliance, and systemic stability over opaque internal alignment guarantees. The analysis concludes that the future of AI governance lies not in perfecting isolated model behavior, but in architecting institutional environments where compliant behavior emerges as the dominant strategy through carefully calibrated payoff landscapes.</jats:p>",['Marcel Osmond'],[],,2026,2026,https://doi.org/10.2139/ssrn.6271858,,,Marcel Osmond,,2443,"Title: Agentic AI...
Authors: Marcel Osmond
Categories: 
Summary: <jats:p>The proliferation of agentic artificial intelligence systems-characterized by autonomous goal-seeking, tool use, and multi-agent coordination-presents unprecedented challenges to existing legal and financial regulatory frameworks. While traditional AI governance has focused on model-level alignment through training-time interventions such as Reinforcement Learning from Human Feedback (RLHF), the deployment of large language models (LLMs) as persistent agents embedded within socio-technical systems necessitates a paradigm shift toward institutional governance structures. This paper examines the intersection of agentic AI, Retrieval-Augmented Generation (RAG), and their implications for legal accountability and financial market integrity. Through a comprehensive analysis of the Institutional AI framework proposed by Pierucci et al. [1], we argue that alignment must be reconceptualized as a mechanism design problem involving runtime governance graphs, sanction functions, and observable behavioral constraints rather than internalized constitutional values. We address the critical deficit identified by LeCun regarding the absence of world models in current agents, demonstrating how RAG architectures function as externalized epistemic infrastructure that grounds agentic cognition in verifiable data repositories. The paper subsequently interrogates the legal implications of these systems under the European Union's Artificial Intelligence Act (EU AI Act) and the regulatory thresholds established by the Financial Conduct Authority (FCA) and European Central Bank (ECB), proposing justified compliance boundaries for high-risk financial applications. Furthermore, we acknowledge significant governance gaps within Decentralized Finance (DeFi) protocols where institutional oversight mechanisms face structural limitations. By synthesizing technical insights from multi-agent systems, constitutional AI limitations, and offensive security frameworks, this work advances a jurisprudential foundation for agentic AI that prioritizes defensible audit trails, incentive-compatible compliance, and systemic stability over opaque internal alignment guarantees. The analysis concludes that the future of AI governance lies not in perfecting isolated model behavior, but in architecting institutional environments where compliant behavior emerges as the dominant strategy through carefully calibrated payoff landscapes.</jats:p>",2026-01-01 00:00:00+00:00,160
10.1051/e3sconf/202668908004,A large language model-based framework with retrieval-augmented generation for automated building energy modeling,,"['Yake Zhang', 'Peng Xu']",[],,2026,2026,https://doi.org/10.1051/e3sconf/202668908004,,,Yake Zhang; Peng Xu,,1411,"Title: A large language model-based framework with retrieval-augmented generation for automated building energy modeling
Authors: Yake Zhang; Peng Xu
Categories: 
Summary: ",2026-01-01 00:00:00+00:00,160
10.2139/ssrn.6713979,A Survey o...,,"['Zihan Chen', 'Lei Zheng', 'Di Zhu']",[],,2026,2026,https://doi.org/10.2139/ssrn.6713979,,,Zihan Chen; Lei Zheng; Di Zhu,,2382,"Title: A Survey o...
Authors: Zihan Chen; Lei Zheng; Di Zhu
Categories: 
Summary: ",2026-01-01 00:00:00+00:00,160
10.2139/ssrn.6741395,Patch-Aware Retrieval-Augmented Generation for Large Language Model Decision Support in Transportation Infrastructure Delivery,"<jats:p>Transportation infrastructure agencies rely on large, frequently updated specification documents to support materials acceptance, contract administration, and construction compliance. However, after the base specifications are published, agencies may issue official amendment bulletins that revise, replace, or remove selected subsections. Conventional large language model (LLM) systems with retrieval-augmented generation (RAG) can retrieve relevant base text, but may overlook these amendments, producing answers that appear correct while being contractually outdated. This study proposes DS-TID — Decision Support for Transportation Infrastructure Delivery — an amendment-aware RAG framework for LLM-based decision support in transportation construction specifications. DS-TID instantiates a Patch-Aware RAG architectural pattern in which a stable base specification index is augmented at retrieval time by a section-identifier-keyed amendment registry. When a retrieved base section is affected by an active bulletin, the corresponding amendment is deterministically injected into the LLM prompt as authoritative evidence, together with change-type and effective-date metadata. This design preserves the stability of the base index and avoids re-embedding the full corpus whenever new bulletins are issued. The framework also integrates hierarchy-preserving chunking, row-level table evidence units, adaptive dense–lexical retrieval fusion, citation-constrained generation, and conservative abstention. We implement DS-TID using the Standard Specifications for Road and Bridge Construction, the Division Construction and Materials Material Procedures, and active Baseline Document Change (BDC) bulletins. On a 100-query expert-annotated benchmark, the system achieves 0.90 end-to-end accuracy and correctly abstains on all out-of-scope queries in the tested partition. On a 14-question practitioner-grade benchmark, it reaches 94% aggregate response-quality accuracy, with clear gains over baseline RAG systems and commercial-chatbot baselines. The results show that reliable LLM decision support for transportation infrastructure delivery requires not only semantic retrieval, but also up-to-date amendments, preserved document structure, and clear refusal to answer when the evidence is insufficient.</jats:p> NOISY_DATA_INJECTION_12345","['Dan Liu', 'Hao Wang', 'Hao  Frank Yang', 'Maria Santo', 'Bin Hu', 'Giri Venkiteela']",[],,2026,2026,https://doi.org/10.2139/ssrn.6741395,,,Dan Liu; Hao Wang; Hao  Frank Yang; Maria Santo; Bin Hu; Giri Venkiteela,,2324,"Title: Patch-Aware Retrieval-Augmented Generation for Large Language Model Decision Support in Transportation Infrastructure Delivery
Authors: Dan Liu; Hao Wang; Hao  Frank Yang; Maria Santo; Bin Hu; Giri Venkiteela
Categories: 
Summary: <jats:p>Transportation infrastructure agencies rely on large, frequently updated specification documents to support materials acceptance, contract administration, and construction compliance. However, after the base specifications are published, agencies may issue official amendment bulletins that revise, replace, or remove selected subsections. Conventional large language model (LLM) systems with retrieval-augmented generation (RAG) can retrieve relevant base text, but may overlook these amendments, producing answers that appear correct while being contractually outdated. This study proposes DS-TID — Decision Support for Transportation Infrastructure Delivery — an amendment-aware RAG framework for LLM-based decision support in transportation construction specifications. DS-TID instantiates a Patch-Aware RAG architectural pattern in which a stable base specification index is augmented at retrieval time by a section-identifier-keyed amendment registry. When a retrieved base section is affected by an active bulletin, the corresponding amendment is deterministically injected into the LLM prompt as authoritative evidence, together with change-type and effective-date metadata. This design preserves the stability of the base index and avoids re-embedding the full corpus whenever new bulletins are issued. The framework also integrates hierarchy-preserving chunking, row-level table evidence units, adaptive dense–lexical retrieval fusion, citation-constrained generation, and conservative abstention. We implement DS-TID using the Standard Specifications for Road and Bridge Construction, the Division Construction and Materials Material Procedures, and active Baseline Document Change (BDC) bulletins. On a 100-query expert-annotated benchmark, the system achieves 0.90 end-to-end accuracy and correctly abstains on all out-of-scope queries in the tested partition. On a 14-question practitioner-grade benchmark, it reaches 94% aggregate response-quality accuracy, with clear gains over baseline RAG systems and commercial-chatbot baselines. The results show that reliable LLM decision support for transportation infrastructure delivery requires not only semantic retrieval, but also up-to-date amendments, preserved document structure, and clear refusal to answer when the evidence is insufficient.</jats:p> NOISY_DATA_INJECTION_12345",2026-01-01 00:00:00+00:00,160
10.2139/ssrn.6756498,Industrial Multi-AI Agent Collaborative System based on Large-Small Model Fusion and Retrieval-Augmented Generation,"<jats:p>With the rapid advancement of intelligent manufacturing, industrial systems generate vast amounts of unstructured data, yet face significant challenges in data utilization, knowledge retrieval accuracy, decision-making efficiency, and human-machine collaboration. To address these issues, this paper proposes a large-small model fusion and retrieval-augmented generation based industrial multi-AI agent collaborative system (IMACS). First, a RAG-driven data governance pipeline is introduced, featuring IndDocMaster (a high-precision unstructured data parsing model) enabling end-to-end document understanding through multi-source fusion and a data flywheel mechanism, significantly enhancing knowledge extraction quality. Second, a hierarchical agent architecture from L1 to L4 is designed, achieving cognitive-execution synergy via large-model orchestration and small-model execution. Finally, an Agent-Human-Cyber-Physical System (A-HCPS) framework is established to enable autonomous, collaborative decision-making. Experimental results show that the proposed system outperforms existing methods in industrial data parsing, knowledge retrieval, and near-expert-level maintenance decision-making with over 60% faster response, demonstrating its effectiveness in advancing industrial intelligence.</jats:p> NOISY_DATA_INJECTION_12345","['Xiao Lai', 'Han Wang', 'Min Liu', 'Li Bai']",[],,1900-01-01,2026,https://doi.org/10.2139/ssrn.6756498,,,Xiao Lai; Han Wang; Min Liu; Li Bai,,1316,"Title: Industrial Multi-AI Agent Collaborative System based on Large-Small Model Fusion and Retrieval-Augmented Generation
Authors: Xiao Lai; Han Wang; Min Liu; Li Bai
Categories: 
Summary: <jats:p>With the rapid advancement of intelligent manufacturing, industrial systems generate vast amounts of unstructured data, yet face significant challenges in data utilization, knowledge retrieval accuracy, decision-making efficiency, and human-machine collaboration. To address these issues, this paper proposes a large-small model fusion and retrieval-augmented generation based industrial multi-AI agent collaborative system (IMACS). First, a RAG-driven data governance pipeline is introduced, featuring IndDocMaster (a high-precision unstructured data parsing model) enabling end-to-end document understanding through multi-source fusion and a data flywheel mechanism, significantly enhancing knowledge extraction quality. Second, a hierarchical agent architecture from L1 to L4 is designed, achieving cognitive-execution synergy via large-model orchestration and small-model execution. Finally, an Agent-Human-Cyber-Physical System (A-HCPS) framework is established to enable autonomous, collaborative decision-making. Experimental results show that the proposed system outperforms existing methods in industrial data parsing, knowledge retrieval, and near-expert-level maintenance decision-making with over 60% faster response, demonstrating its effectiveness in advancing industrial intelligence.</jats:p> NOISY_DATA_INJECTION_12345",2026-01-01 00:00:00+00:00,160
10.2139/ssrn.6386988,Agentic Retrieval-Augmented Generation Systems for Medical Decision Support: A Comprehensive Survey,,"['Venkitesh  S. Anand', 'Akhil V. V.']",[],,1900-01-01,2026,https://doi.org/10.2139/ssrn.6386988,,,Venkitesh  S. Anand; Akhil V. V.,,1901,"Title: Agentic Retrieval-Augmented Generation Systems for Medical Decision Support: A Comprehensive Survey
Authors: Venkitesh  S. Anand; Akhil V. V.
Categories: 
Summary: ",2026-01-01 00:00:00+00:00,160
10.2139/ssrn.6761739,AI-Powered...,,['Jahnavi Bellapukonda'],[],,2026,2026,https://doi.org/10.2139/ssrn.6761739,,,Jahnavi Bellapukonda,,1187,"Title: AI-Powered...
Authors: Jahnavi Bellapukonda
Categories: 
Summary: ",2026-01-01 00:00:00+00:00,160
10.6028/nist.ir.8579a,Mitigating Threats to Large Language Model and Retrieval-Augmented Generation Systems,<jats:p/>,['Megas Katerina'],[],,2026,2026,https://doi.org/10.6028/nist.ir.8579a,,,Megas Katerina,,9,"Title: Mitigating Threats to Large Language Model and Retrieval-Augmented Generation Systems
Authors: Megas Katerina
Categories: 
Summary: <jats:p/>",2026-01-01 00:00:00+00:00,160
10.36085/jsai.v9i1.9632,Metode Retrieval-Augmented Generation dalam Pengembangan Chatbot Large Language Model pada Service Informasi Publik Disdukcapil Anambas,"<jats:p>Layanan administrasi kependudukan di Kabupaten Kepulauan Anambas menghadapi tantangan besar terkait keterbatasan akses informasi yang disebabkan oleh kondisi geografis. Informasi layanan pada website resmi Disdukcapil yang bersifat pasif seringkali menyulitkan masyarakat untuk memperoleh jawaban yang cepat dan relevan. Kondisi ini berakibat pada penumpukan antrean layanan dan berpotensi menurunkan kepuasan publik. Sebagai solusi, sebuah aplikasi chatbot cerdas berbasis Large Language Model (LLM) dengan pendekatan Retrieval-Augmented Generation (RAG) telah dikembangkan. Metode ini secara efektif menggabungkan kemampuan pencarian informasi presisi dari basis data dokumen dengan kemampuan LLM dalam memahami bahasa alami untuk menghasilkan jawaban kontekstual. Proses pengembangan sistem ini dilakukan menggunakan framework LangChain, vector store ChromaDB, dan diintegrasikan ke antarmuka web sebagai frontend. Informasi layanan resmi Disdukcapil diproses melalui tahapan chunking, embedding, hingga pembuatan pipeline RAG. Hasil penelitian menunjukkan bahwa chatbot mampu merespons pertanyaan layanan kependudukan secara akurat dan efisien. Berdasarkan evaluasi menggunakan metrik BERTScore, sistem memperoleh rata-rata skor Precision sebesar 98,5%, Recall sebesar 99,1%, dan F1-Score sebesar 98,8%. Sistem ini dapat diakses dari mana saja, sangat membantu masyarakat di wilayah terpencil, dan menjadi prototipe awal yang potensial untuk mendukung digitalisasi pelayanan publik di daerah kepulauan.</jats:p> NOISY_DATA_INJECTION_12345","['Muhammad Habsyi Mubarak', 'Joko Sutopo']",[],,1900-01-01,2025-12-30,https://doi.org/10.36085/jsai.v9i1.9632,https://jurnal.umb.ac.id/index.php/JSAI/article/download/9632/5621,,Muhammad Habsyi Mubarak; Joko Sutopo,,1523,"Title: Metode Retrieval-Augmented Generation dalam Pengembangan Chatbot Large Language Model pada Service Informasi Publik Disdukcapil Anambas
Authors: Muhammad Habsyi Mubarak; Joko Sutopo
Categories: 
Summary: <jats:p>Layanan administrasi kependudukan di Kabupaten Kepulauan Anambas menghadapi tantangan besar terkait keterbatasan akses informasi yang disebabkan oleh kondisi geografis. Informasi layanan pada website resmi Disdukcapil yang bersifat pasif seringkali menyulitkan masyarakat untuk memperoleh jawaban yang cepat dan relevan. Kondisi ini berakibat pada penumpukan antrean layanan dan berpotensi menurunkan kepuasan publik. Sebagai solusi, sebuah aplikasi chatbot cerdas berbasis Large Language Model (LLM) dengan pendekatan Retrieval-Augmented Generation (RAG) telah dikembangkan. Metode ini secara efektif menggabungkan kemampuan pencarian informasi presisi dari basis data dokumen dengan kemampuan LLM dalam memahami bahasa alami untuk menghasilkan jawaban kontekstual. Proses pengembangan sistem ini dilakukan menggunakan framework LangChain, vector store ChromaDB, dan diintegrasikan ke antarmuka web sebagai frontend. Informasi layanan resmi Disdukcapil diproses melalui tahapan chunking, embedding, hingga pembuatan pipeline RAG. Hasil penelitian menunjukkan bahwa chatbot mampu merespons pertanyaan layanan kependudukan secara akurat dan efisien. Berdasarkan evaluasi menggunakan metrik BERTScore, sistem memperoleh rata-rata skor Precision sebesar 98,5%, Recall sebesar 99,1%, dan F1-Score sebesar 98,8%. Sistem ini dapat diakses dari mana saja, sangat membantu masyarakat di wilayah terpencil, dan menjadi prototipe awal yang potensial untuk mendukung digitalisasi pelayanan publik di daerah kepulauan.</jats:p> NOISY_DATA_INJECTION_12345",2025-12-30 00:00:00+00:00,162
10.4018/979-8-3373-5017-2.ch003,Retrieval-...,"<jats:p>Retrieval-Augmented Generation (RAG) has emerged as a transformative approach for enhanc-ing large language models (LLMs) by integrating external knowledge sources to address limitations in parametric knowledge and factual accuracy. The survey offers a detailed comparative study of RAG methods in dense retrieval, sparse retrieval, and hybrid approaches and their performance on knowledge-intensive tasks. Through systematic evaluation of 85 recent studies (2020-2024), we present empirical comparisons showing that hybrid RAG systems achieve 15-35% performance im-provements over baseline LLMs on question answering tasks, while dense retrieval methods demon-strate superior semantic understanding capabilities. We find that although RAG systems promise much, their current approach is limited by computational efficiency, retrieval precision, and stan-dardization of evaluation. We propose an integrated assessment system and outline five essential future avenues, including multi-modal RAG combination and adaptive retrieval schemes.</jats:p> NOISY_DATA_INJECTION_12345","['Dena Abu Laila', ""Qais Al-Na'amneh"", 'Mahmoud Aljawarneh', 'Walid Dhifallah', 'Khaled Maabreh']",[],,1900-01-01,2025-12-19,https://doi.org/10.4018/979-8-3373-5017-2.ch003,,,Dena Abu Laila; Qais Al-Na'amneh; Mahmoud Aljawarneh; Walid Dhifallah; Khaled Maabreh,,1054,"Title: Retrieval-...
Authors: Dena Abu Laila; Qais Al-Na'amneh; Mahmoud Aljawarneh; Walid Dhifallah; Khaled Maabreh
Categories: 
Summary: <jats:p>Retrieval-Augmented Generation (RAG) has emerged as a transformative approach for enhanc-ing large language models (LLMs) by integrating external knowledge sources to address limitations in parametric knowledge and factual accuracy. The survey offers a detailed comparative study of RAG methods in dense retrieval, sparse retrieval, and hybrid approaches and their performance on knowledge-intensive tasks. Through systematic evaluation of 85 recent studies (2020-2024), we present empirical comparisons showing that hybrid RAG systems achieve 15-35% performance im-provements over baseline LLMs on question answering tasks, while dense retrieval methods demon-strate superior semantic understanding capabilities. We find that although RAG systems promise much, their current approach is limited by computational efficiency, retrieval precision, and stan-dardization of evaluation. We propose an integrated assessment system and outline five essential future avenues, including multi-modal RAG combination and adaptive retrieval schemes.</jats:p> NOISY_DATA_INJECTION_12345",2025-12-19 00:00:00+00:00,173
10.1051/e3sconf/202668908004,A large language model-based framework with retrieval-augmented generation for automated building energy modeling,,"['Yake Zhang', 'Peng Xu']",[],,2026,2026,https://doi.org/10.1051/e3sconf/202668908004,,,Yake Zhang; Peng Xu,,1411,"Title: A large language model-based framework with retrieval-augmented generation for automated building energy modeling
Authors: Yake Zhang; Peng Xu
Categories: 
Summary: ",2026-01-01 00:00:00+00:00,160
10.2139/ssrn.6271858,Agentic AI...,"<jats:p>The proliferation of agentic artificial intelligence systems-characterized by autonomous goal-seeking, tool use, and multi-agent coordination-presents unprecedented challenges to existing legal and financial regulatory frameworks. While traditional AI governance has focused on model-level alignment through training-time interventions such as Reinforcement Learning from Human Feedback (RLHF), the deployment of large language models (LLMs) as persistent agents embedded within socio-technical systems necessitates a paradigm shift toward institutional governance structures. This paper examines the intersection of agentic AI, Retrieval-Augmented Generation (RAG), and their implications for legal accountability and financial market integrity. Through a comprehensive analysis of the Institutional AI framework proposed by Pierucci et al. [1], we argue that alignment must be reconceptualized as a mechanism design problem involving runtime governance graphs, sanction functions, and observable behavioral constraints rather than internalized constitutional values. We address the critical deficit identified by LeCun regarding the absence of world models in current agents, demonstrating how RAG architectures function as externalized epistemic infrastructure that grounds agentic cognition in verifiable data repositories. The paper subsequently interrogates the legal implications of these systems under the European Union's Artificial Intelligence Act (EU AI Act) and the regulatory thresholds established by the Financial Conduct Authority (FCA) and European Central Bank (ECB), proposing justified compliance boundaries for high-risk financial applications. Furthermore, we acknowledge significant governance gaps within Decentralized Finance (DeFi) protocols where institutional oversight mechanisms face structural limitations. By synthesizing technical insights from multi-agent systems, constitutional AI limitations, and offensive security frameworks, this work advances a jurisprudential foundation for agentic AI that prioritizes defensible audit trails, incentive-compatible compliance, and systemic stability over opaque internal alignment guarantees. The analysis concludes that the future of AI governance lies not in perfecting isolated model behavior, but in architecting institutional environments where compliant behavior emerges as the dominant strategy through carefully calibrated payoff landscapes.</jats:p>",['Marcel Osmond'],[],,2026,2026,https://doi.org/10.2139/ssrn.6271858,,,Marcel Osmond,,2443,"Title: Agentic AI...
Authors: Marcel Osmond
Categories: 
Summary: <jats:p>The proliferation of agentic artificial intelligence systems-characterized by autonomous goal-seeking, tool use, and multi-agent coordination-presents unprecedented challenges to existing legal and financial regulatory frameworks. While traditional AI governance has focused on model-level alignment through training-time interventions such as Reinforcement Learning from Human Feedback (RLHF), the deployment of large language models (LLMs) as persistent agents embedded within socio-technical systems necessitates a paradigm shift toward institutional governance structures. This paper examines the intersection of agentic AI, Retrieval-Augmented Generation (RAG), and their implications for legal accountability and financial market integrity. Through a comprehensive analysis of the Institutional AI framework proposed by Pierucci et al. [1], we argue that alignment must be reconceptualized as a mechanism design problem involving runtime governance graphs, sanction functions, and observable behavioral constraints rather than internalized constitutional values. We address the critical deficit identified by LeCun regarding the absence of world models in current agents, demonstrating how RAG architectures function as externalized epistemic infrastructure that grounds agentic cognition in verifiable data repositories. The paper subsequently interrogates the legal implications of these systems under the European Union's Artificial Intelligence Act (EU AI Act) and the regulatory thresholds established by the Financial Conduct Authority (FCA) and European Central Bank (ECB), proposing justified compliance boundaries for high-risk financial applications. Furthermore, we acknowledge significant governance gaps within Decentralized Finance (DeFi) protocols where institutional oversight mechanisms face structural limitations. By synthesizing technical insights from multi-agent systems, constitutional AI limitations, and offensive security frameworks, this work advances a jurisprudential foundation for agentic AI that prioritizes defensible audit trails, incentive-compatible compliance, and systemic stability over opaque internal alignment guarantees. The analysis concludes that the future of AI governance lies not in perfecting isolated model behavior, but in architecting institutional environments where compliant behavior emerges as the dominant strategy through carefully calibrated payoff landscapes.</jats:p>",2026-01-01 00:00:00+00:00,160
10.64898/2026.01.24.26344477,A retrieval-augmented generation large language model framework for accurate dementia identification from electronic health records,"<jats:title>Abstract</jats:title> <jats:sec> <jats:title>Objective</jats:title> <jats:p>Accurate and scalable dementia phenotyping from electronic health records (EHRs) is foundational for population-level research, risk prediction, and learning health system interventions. Traditional rule- and keyword-based approaches are limited by inconsistent documentation and inability to capture clinical nuance. We aim to develop and evaluate a framework that leverages large language models (LLMs) with retrieval-augmented generation (RAG) to overcome these limitations and improve dementia identification from real-world EHR data.</jats:p> </jats:sec> <jats:sec> <jats:title>Methods</jats:title> <jats:p>Using EHR data from the Mass General Brigham health system, we first assembled a cohort of adults with potential dementia based on diagnosis codes, problem lists, dementia-related medications, and free-text note mentions. A subset of candidate cases underwent detailed manual chart review to assign gold-standard dementia status. With this labeled sample, we implemented and compared three approaches for dementia ascertainment: (1) a rule-based classifier leveraging structured EHR data, (2) large language models (LLMs) applied to keyword-filtered clinical note excerpts, and (3) a RAG-based LLM framework that integrates retrieved, context-rich note snippets. Within each approach, we evaluated multiple configurations of embedding models, retrieval methods, LLMs, structured-data inclusion, and prompts to identify the best-performing classifier. Performance was assessed using standard classification metrics, including sensitivity, specificity, positive predictive value (PPV), and F1 score, and supplemented by qualitative error analyses to characterize common sources of false positives and false negatives across methods.</jats:p> </jats:sec> <jats:sec> <jats:title>Results</jats:title> <jats:p>The RAG-based classifier achieved the highest performance (F1=0.933, sensitivity=91.1%, PPV=95.5%) compared to rule-based (F1=0.823, sensitivity=81.1%, PPV=83.5%) and keyword-filtered LLM (F1=0.903, sensitivity=91.7%, PPV=88.6%). Including ICD codes alongside free text in the RAG-based LLM pipeline significantly reduced the PPV and modestly decreased F-1 score. Error analysis revealed that structured-code dependence contributed to false positives, whereas unrecognized contextual cues in notes drove false negatives.</jats:p> </jats:sec> <jats:sec> <jats:title>Conclusion</jats:title> <jats:p>A RAG-based LLM pipeline without structured ICD codes improved dementia ascertainment from EHR data compared with ICD-based rules and keyword-based filtering. This approach can enhance dementia case identification and support patient care, predictive modeling and risk analysis.</jats:p> </jats:sec> NOISY_DATA_INJECTION_12345","['Liqin Wang', 'Baoren Liu', 'Richard Yang', 'Ya-Wen Chuang', 'Hossein Estiri', 'Shawn Murphy', 'Li Zhou', 'Gad A. Marshall']",[],,2026-01-25,2026-01-25,https://doi.org/10.64898/2026.01.24.26344477,,,Liqin Wang; Baoren Liu; Richard Yang; Ya-Wen Chuang; Hossein Estiri; Shawn Murphy; Li Zhou; Gad A. Marshall,,2800,"Title: A retrieval-augmented generation large language model framework for accurate dementia identification from electronic health records
Authors: Liqin Wang; Baoren Liu; Richard Yang; Ya-Wen Chuang; Hossein Estiri; Shawn Murphy; Li Zhou; Gad A. Marshall
Categories: 
Summary: <jats:title>Abstract</jats:title> <jats:sec> <jats:title>Objective</jats:title> <jats:p>Accurate and scalable dementia phenotyping from electronic health records (EHRs) is foundational for population-level research, risk prediction, and learning health system interventions. Traditional rule- and keyword-based approaches are limited by inconsistent documentation and inability to capture clinical nuance. We aim to develop and evaluate a framework that leverages large language models (LLMs) with retrieval-augmented generation (RAG) to overcome these limitations and improve dementia identification from real-world EHR data.</jats:p> </jats:sec> <jats:sec> <jats:title>Methods</jats:title> <jats:p>Using EHR data from the Mass General Brigham health system, we first assembled a cohort of adults with potential dementia based on diagnosis codes, problem lists, dementia-related medications, and free-text note mentions. A subset of candidate cases underwent detailed manual chart review to assign gold-standard dementia status. With this labeled sample, we implemented and compared three approaches for dementia ascertainment: (1) a rule-based classifier leveraging structured EHR data, (2) large language models (LLMs) applied to keyword-filtered clinical note excerpts, and (3) a RAG-based LLM framework that integrates retrieved, context-rich note snippets. Within each approach, we evaluated multiple configurations of embedding models, retrieval methods, LLMs, structured-data inclusion, and prompts to identify the best-performing classifier. Performance was assessed using standard classification metrics, including sensitivity, specificity, positive predictive value (PPV), and F1 score, and supplemented by qualitative error analyses to characterize common sources of false positives and false negatives across methods.</jats:p> </jats:sec> <jats:sec> <jats:title>Results</jats:title> <jats:p>The RAG-based classifier achieved the highest performance (F1=0.933, sensitivity=91.1%, PPV=95.5%) compared to rule-based (F1=0.823, sensitivity=81.1%, PPV=83.5%) and keyword-filtered LLM (F1=0.903, sensitivity=91.7%, PPV=88.6%). Including ICD codes alongside free text in the RAG-based LLM pipeline significantly reduced the PPV and modestly decreased F-1 score. Error analysis revealed that structured-code dependence contributed to false positives, whereas unrecognized contextual cues in notes drove false negatives.</jats:p> </jats:sec> <jats:sec> <jats:title>Conclusion</jats:title> <jats:p>A RAG-based LLM pipeline without structured ICD codes improved dementia ascertainment from EHR data compared with ICD-based rules and keyword-based filtering. This approach can enhance dementia case identification and support patient care, predictive modeling and risk analysis.</jats:p> </jats:sec> NOISY_DATA_INJECTION_12345",2026-01-25 00:00:00+00:00,136
10.35314/3y9hy151,Implementation of Retrieval-Augmented Generation Method on Large Language Model for Development of Campus Service and Information Chatbot,"<jats:p>Large language models have the potential to improve the quality of information services in higher education environments through responsive and natural interactions. However, LLMs are prone to generating answers that are not supported by valid knowledge sources due to knowledge cut-off limitations. This study implements Retrieval-Augmented Generation on LLMs to build an information service chatbot for the Indonesian University of Science and Technology (USTI). RAG is built using a hybrid retrieval mechanism that combines dense retrieval and sparse retrieval (BM25) through reciprocal rank fusion and is equipped with cross-encoder reranking. The knowledge base is compiled from official and public documents obtained through the USTI website. The evaluation was conducted using 13 test queries by comparing several configurations to analyze the contribution of each component. The evaluation results show that the hybrid retrieval configuration produces the best retrieval performance with Precision@3 of 71.7%, Recall@3 of 87.5%, and NDCG@3 of 96.3%. In addition, the application of RAG improved the quality of answers compared to LLM without retrieval, as shown by an increase in BERTScore-F1 from 84.8% to 89.4% and a faithfulness score of 88.8%. These findings indicate that RAG integration improves the relevance of LLM answers to source documents, with the hybrid configuration providing an optimal balance between retrieval quality and faithfulness.</jats:p>","['Muhammad Dzaki Salman', 'Rahmaddeni', 'Torkis Nasution', 'Susanti']",[],,2026-02-26,2026-02-26,https://doi.org/10.35314/3y9hy151,https://jurnal.polbeng.ac.id/index.php/ISI/article/download/1484/655,,Muhammad Dzaki Salman; Rahmaddeni; Torkis Nasution; Susanti,,1479,"Title: Implementation of Retrieval-Augmented Generation Method on Large Language Model for Development of Campus Service and Information Chatbot
Authors: Muhammad Dzaki Salman; Rahmaddeni; Torkis Nasution; Susanti
Categories: 
Summary: <jats:p>Large language models have the potential to improve the quality of information services in higher education environments through responsive and natural interactions. However, LLMs are prone to generating answers that are not supported by valid knowledge sources due to knowledge cut-off limitations. This study implements Retrieval-Augmented Generation on LLMs to build an information service chatbot for the Indonesian University of Science and Technology (USTI). RAG is built using a hybrid retrieval mechanism that combines dense retrieval and sparse retrieval (BM25) through reciprocal rank fusion and is equipped with cross-encoder reranking. The knowledge base is compiled from official and public documents obtained through the USTI website. The evaluation was conducted using 13 test queries by comparing several configurations to analyze the contribution of each component. The evaluation results show that the hybrid retrieval configuration produces the best retrieval performance with Precision@3 of 71.7%, Recall@3 of 87.5%, and NDCG@3 of 96.3%. In addition, the application of RAG improved the quality of answers compared to LLM without retrieval, as shown by an increase in BERTScore-F1 from 84.8% to 89.4% and a faithfulness score of 88.8%. These findings indicate that RAG integration improves the relevance of LLM answers to source documents, with the hybrid configuration providing an optimal balance between retrieval quality and faithfulness.</jats:p>",2026-02-26 00:00:00+00:00,104
10.36085/jsai.v9i1.9632,Metode Retrieval-Augmented Generation dalam Pengembangan Chatbot Large Language Model pada Service Informasi Publik Disdukcapil Anambas,"<jats:p>Layanan administrasi kependudukan di Kabupaten Kepulauan Anambas menghadapi tantangan besar terkait keterbatasan akses informasi yang disebabkan oleh kondisi geografis. Informasi layanan pada website resmi Disdukcapil yang bersifat pasif seringkali menyulitkan masyarakat untuk memperoleh jawaban yang cepat dan relevan. Kondisi ini berakibat pada penumpukan antrean layanan dan berpotensi menurunkan kepuasan publik. Sebagai solusi, sebuah aplikasi chatbot cerdas berbasis Large Language Model (LLM) dengan pendekatan Retrieval-Augmented Generation (RAG) telah dikembangkan. Metode ini secara efektif menggabungkan kemampuan pencarian informasi presisi dari basis data dokumen dengan kemampuan LLM dalam memahami bahasa alami untuk menghasilkan jawaban kontekstual. Proses pengembangan sistem ini dilakukan menggunakan framework LangChain, vector store ChromaDB, dan diintegrasikan ke antarmuka web sebagai frontend. Informasi layanan resmi Disdukcapil diproses melalui tahapan chunking, embedding, hingga pembuatan pipeline RAG. Hasil penelitian menunjukkan bahwa chatbot mampu merespons pertanyaan layanan kependudukan secara akurat dan efisien. Berdasarkan evaluasi menggunakan metrik BERTScore, sistem memperoleh rata-rata skor Precision sebesar 98,5%, Recall sebesar 99,1%, dan F1-Score sebesar 98,8%. Sistem ini dapat diakses dari mana saja, sangat membantu masyarakat di wilayah terpencil, dan menjadi prototipe awal yang potensial untuk mendukung digitalisasi pelayanan publik di daerah kepulauan.</jats:p> NOISY_DATA_INJECTION_12345","['Muhammad Habsyi Mubarak', 'Joko Sutopo']",[],,1900-01-01,2025-12-30,https://doi.org/10.36085/jsai.v9i1.9632,https://jurnal.umb.ac.id/index.php/JSAI/article/download/9632/5621,,Muhammad Habsyi Mubarak; Joko Sutopo,,1523,"Title: Metode Retrieval-Augmented Generation dalam Pengembangan Chatbot Large Language Model pada Service Informasi Publik Disdukcapil Anambas
Authors: Muhammad Habsyi Mubarak; Joko Sutopo
Categories: 
Summary: <jats:p>Layanan administrasi kependudukan di Kabupaten Kepulauan Anambas menghadapi tantangan besar terkait keterbatasan akses informasi yang disebabkan oleh kondisi geografis. Informasi layanan pada website resmi Disdukcapil yang bersifat pasif seringkali menyulitkan masyarakat untuk memperoleh jawaban yang cepat dan relevan. Kondisi ini berakibat pada penumpukan antrean layanan dan berpotensi menurunkan kepuasan publik. Sebagai solusi, sebuah aplikasi chatbot cerdas berbasis Large Language Model (LLM) dengan pendekatan Retrieval-Augmented Generation (RAG) telah dikembangkan. Metode ini secara efektif menggabungkan kemampuan pencarian informasi presisi dari basis data dokumen dengan kemampuan LLM dalam memahami bahasa alami untuk menghasilkan jawaban kontekstual. Proses pengembangan sistem ini dilakukan menggunakan framework LangChain, vector store ChromaDB, dan diintegrasikan ke antarmuka web sebagai frontend. Informasi layanan resmi Disdukcapil diproses melalui tahapan chunking, embedding, hingga pembuatan pipeline RAG. Hasil penelitian menunjukkan bahwa chatbot mampu merespons pertanyaan layanan kependudukan secara akurat dan efisien. Berdasarkan evaluasi menggunakan metrik BERTScore, sistem memperoleh rata-rata skor Precision sebesar 98,5%, Recall sebesar 99,1%, dan F1-Score sebesar 98,8%. Sistem ini dapat diakses dari mana saja, sangat membantu masyarakat di wilayah terpencil, dan menjadi prototipe awal yang potensial untuk mendukung digitalisasi pelayanan publik di daerah kepulauan.</jats:p> NOISY_DATA_INJECTION_12345",2025-12-30 00:00:00+00:00,162
10.4081/jae.2026.1908,Empowering farmers with artificial intelligence: a retrieval-augmented generation based large language model advisory framework,"<jats:p>This study presents a retrieval augmented generation (RAG) based system designed to provide farmers with expert agricultural advisory services. The framework delivers context aware guidance on critical practices such as crop cultivation, pest and disease management, fertilizer application, and other agronomic practices, and compares the performance of four large language models (LLMs) in generating these recommendations. The system processes package of practices (PoP) documents for five major crops maize, ragi, sweet potato, cotton, and groundnut through semantic chunking and embedding using Amazon Titan via BedrockEmbeddings. Vector representations are indexed in ChromaDB to enable efficient similarity search for query-relevant content retrieval. Upon receiving user queries, the system retrieves the most semantically similar document chunks and incorporates them into structured prompts. Four LLMs such as Llama3.1, Mistral, Phi3, and Qwen2.5 were evaluated for their effectiveness in generating accurate agricultural recommendations. Performance was evaluated across multiple dimensions. Relevance and retrieval were assessed using precision@K, recall@K, mean reciprocal rank (MRR), and normalized discounted cumulative gain (NDCG). Lexical overlap was measured with the bilingual evaluation understudy (BLEU) and recall-oriented understudy for gisting evaluation (ROUGE-1, ROUGE-2, ROUGE-L) metrics. Semantic quality was analyzed using Bidirectional Encoder Representations from transformers score (BERTScore) precision, recall, F1, semantic similarity and faithfulness to capture contextual alignment between generated and reference responses. Source attribution was assessed through the attribution score, while efficiency was measured using retrieval time, generation time, and total time. Overall, mistral and Qwen2.5 achieved the highest performance, demonstrating superior relevance, semantic quality, and efficiency. This evaluation highlights which LLMs perform best for the agricultural domain and illustrates the potential of knowledge-grounded AI systems to democratize agricultural expertise, particularly in regions with limited access to traditional advisory services.</jats:p>","['Shreeram Sawant', 'Rahul Nair', 'Siddharth Hariharan']",[],,2026-01-27,2026-01-27,https://doi.org/10.4081/jae.2026.1908,https://www.agroengineering.org/jae/article/download/1908/1426,,Shreeram Sawant; Rahul Nair; Siddharth Hariharan,,2214,"Title: Empowering farmers with artificial intelligence: a retrieval-augmented generation based large language model advisory framework
Authors: Shreeram Sawant; Rahul Nair; Siddharth Hariharan
Categories: 
Summary: <jats:p>This study presents a retrieval augmented generation (RAG) based system designed to provide farmers with expert agricultural advisory services. The framework delivers context aware guidance on critical practices such as crop cultivation, pest and disease management, fertilizer application, and other agronomic practices, and compares the performance of four large language models (LLMs) in generating these recommendations. The system processes package of practices (PoP) documents for five major crops maize, ragi, sweet potato, cotton, and groundnut through semantic chunking and embedding using Amazon Titan via BedrockEmbeddings. Vector representations are indexed in ChromaDB to enable efficient similarity search for query-relevant content retrieval. Upon receiving user queries, the system retrieves the most semantically similar document chunks and incorporates them into structured prompts. Four LLMs such as Llama3.1, Mistral, Phi3, and Qwen2.5 were evaluated for their effectiveness in generating accurate agricultural recommendations. Performance was evaluated across multiple dimensions. Relevance and retrieval were assessed using precision@K, recall@K, mean reciprocal rank (MRR), and normalized discounted cumulative gain (NDCG). Lexical overlap was measured with the bilingual evaluation understudy (BLEU) and recall-oriented understudy for gisting evaluation (ROUGE-1, ROUGE-2, ROUGE-L) metrics. Semantic quality was analyzed using Bidirectional Encoder Representations from transformers score (BERTScore) precision, recall, F1, semantic similarity and faithfulness to capture contextual alignment between generated and reference responses. Source attribution was assessed through the attribution score, while efficiency was measured using retrieval time, generation time, and total time. Overall, mistral and Qwen2.5 achieved the highest performance, demonstrating superior relevance, semantic quality, and efficiency. This evaluation highlights which LLMs perform best for the agricultural domain and illustrates the potential of knowledge-grounded AI systems to democratize agricultural expertise, particularly in regions with limited access to traditional advisory services.</jats:p>",2026-01-27 00:00:00+00:00,134
